{"tracks": {"text": [], "video": [{"path": "D:/\u0e27\u0e34\u0e14\u0e35\u0e42\u0e2d\u0e17\u0e35\u0e48\u0e15\u0e31\u0e14\u0e40\u0e2a\u0e23\u0e47\u0e08\u0e41\u0e25\u0e49\u0e27/\u0e40\u0e1b\u0e34\u0e14\u0e0b\u0e2d\u0e07\u0e42\u0e1b\u0e23\u0e42\u0e21 WGP \u0e04\u0e23\u0e31\u0e49\u0e07\u0e41\u0e23\u0e01(\u0e21\u0e32\u0e41\u0e02\u0e48\u0e07 WGP \u0e04\u0e23\u0e31\u0e49\u0e07\u0e41\u0e23\u0e01.mp4", "name": "\u0e40\u0e1b\u0e34\u0e14\u0e0b\u0e2d\u0e07\u0e42\u0e1b\u0e23\u0e42\u0e21 WGP \u0e04\u0e23\u0e31\u0e49\u0e07\u0e41\u0e23\u0e01(\u0e21\u0e32\u0e41\u0e02\u0e48\u0e07 WGP \u0e04\u0e23\u0e31\u0e49\u0e07\u0e41\u0e23\u0e01.mp4", "start": 0.0, "end": 63.36666666666667, "speed": 1.0, "volume": 1.0, "timeline_start": 0.1, "src_fps": 30.0}], "audio": [{"path": "D:/\u0e27\u0e34\u0e14\u0e35\u0e42\u0e2d\u0e17\u0e35\u0e48\u0e2d\u0e31\u0e14/1SoundEffect SFX/Cardfight Vanguard G Soundtrack  Gear Shift.mp3", "name": "Cardfight Vanguard G Soundtrack  Gear Shift.mp3", "start": 0.0, "end": 12.352941176470587, "speed": 1.0, "volume": 1.0, "timeline_start": 0.0, "src_fps": 30}]}}